State,District,Year,Acerage,Yield,PRCP_Jun,PRCP_Jul,PRCP_Aug,PRCP_Sep,PRCP_Oct,PRCP_Nov,TMAX_Jun,TMAX_Jul,TMAX_Aug,TMAX_Sep,TMAX_Oct,TMAX_Nov,TMIN_Jun,TMIN_Jul,TMIN_Aug,TMIN_Sep,TMIN_Oct,TMIN_Nov,WIND_Jun,WIND_Jul,WIND_Aug,WIND_Sep,WIND_Oct,WIND_Nov,RH_Jun,RH_Jul,RH_Aug,RH_Sep,RH_Oct,RH_Nov,SRAD_Jun,SRAD_Jul,SRAD_Aug,SRAD_Sep,SRAD_Oct,SRAD_Nov,LAImax_Aug,LAImax_Jul,LAImax_Jun,LAImax_Nov,LAImax_Oct,LAImax_Sep,GPPsum_Aug,GPPsum_Jul,GPPsum_Jun,GPPsum_Nov,GPPsum_Oct,GPPsum_Sep,PRCP_season,PRCP_JulAug_frac,TMAX_season_mean,TMIN_season_mean,WIND_season_mean,LAImax_peak,LAImax_sum,GPPsum_season,SRAD_mean,SRAD_sum,RH_mean,RH_std,Predicted_Yield
Madhya Pradesh,Agar Malwa,2025,1.737,965.0,136.867143,434.377301,214.779327,221.860314,57.122356,1.824272,35.376537,30.166268,31.140886,31.539749,30.754574,28.407105,25.095305,23.542902,23.52268,22.677222,19.527606,12.876534,3.207935,3.451732,2.638901,1.175796,1.037079,0.566544,53.643648,72.08361,69.79921,63.222978,61.131502,49.324185,533.121544,388.822162,444.042095,474.648934,498.75819,488.9036,4.173375,1.877303,0.449647,0.871655,0.748589,1.814653,180.5139,125.087092,24.696564,79.980747,13.177559,142.699817,1065.006441,0.6095330535188753,31.795602799999994,22.873143,2.3022886,4.173375,9.063566999999999,486.17493199999996,467.87858500000004,2339.392925,63.9761896,7.332442009536304,1134.072
Madhya Pradesh,Alirajpur,2025,0.34,925.0,261.88205,209.62714,224.733514,229.344931,107.795585,5.144684,34.136354,30.343479,30.731075,30.566043,31.622207,29.572761,24.85489,23.573854,23.436426,22.719192,20.971141,15.241704,3.443058,3.889247,2.955168,1.419997,1.149535,0.563173,57.841931,70.472911,69.972449,67.643415,62.673347,51.765764,508.232207,383.677679,445.853209,456.11781,506.228574,508.020362,2.430052,0.95863,0.708804,1.058114,1.76141,3.289682,159.484885,119.706792,48.786286,122.03463,25.377899,189.075693,1033.38322,0.4203287276137501,31.4798316,23.1111006,2.5714010000000003,3.289682,9.148578,542.431555,460.0218957999999,2300.1094789999997,65.7208106,5.378640002815654,1076.676
Madhya Pradesh,Ashoknagar,2025,0.27,700.0,278.803731,760.134534,258.376593,132.161838,68.380957,1.887462,36.127827,30.183731,31.263858,32.052633,30.585014,28.101027,25.257572,23.574548,23.822759,23.273322,19.890812,12.506984,3.10192,3.012416,2.563047,1.059923,0.967087,0.48116,52.093882,74.893496,71.947426,63.794912,63.479344,50.235235,519.748905,378.313196,450.230889,475.83348,490.504068,483.641583,2.713964,0.58956,0.367344,0.545082,1.014482,2.432128,163.844527,116.089824,24.630249,59.425634,40.284424,172.591281,1497.857653,0.6799785847206937,32.0426126,23.1638026,2.1408785999999997,2.713964,7.117477999999999,517.4403050000001,462.92610759999997,2314.630538,65.24181200000001,8.890839942024261,1022.62
Madhya Pradesh,Barwani,2025,0.226,650.0,170.763789,138.118448,273.68829,226.80465,86.662652,8.735083,33.960175,30.021108,30.4756,30.275749,31.367061,29.377481,24.401411,23.166109,23.009877,22.201583,20.555174,14.552509,3.56553,3.899573,2.954885,1.473889,1.170405,0.993917,56.297831,70.497501,69.190842,66.569208,63.500646,53.332464,517.505032,388.034372,438.286937,441.922576,505.115654,509.395983,1.907407,1.096296,0.375758,0.799327,1.078114,2.227609,159.870034,114.503704,26.199327,106.275084,29.315488,163.071044,896.0378290000001,0.45958633070166943,31.2199386,22.666830800000003,2.6128564,2.227609,6.6851840000000005,492.9595970000001,458.17291420000004,2290.864571,65.2112056,5.656873172428148,1048.706
Madhya Pradesh,Betul,2025,1.3,610.0,154.445294,383.54661,251.428331,219.475896,61.973051,2.383578,34.599712,29.355395,30.524299,30.353968,30.883518,28.806688,24.496804,22.950071,23.147269,22.570748,20.997419,14.10139,3.345703,3.424629,2.783008,1.12368,0.989155,0.650056,55.611121,74.442497,71.533505,69.388494,67.695903,52.26447,493.599022,363.05534,434.981391,435.896032,495.447734,508.044819,3.329966,1.113487,0.657736,0.966806,2.0245,3.221994,179.149058,139.948466,44.511831,107.824351,80.367071,181.884638,1070.869182,0.5929528570558864,31.1433784,22.8324622,2.333235,3.329966,10.347683,625.861064,444.5959038,2222.979519,67.734304,7.230891487362401,1071.862
Madhya Pradesh,Bhopal,2025,1.1,965.0,175.548632,650.747311,215.114833,224.951726,51.676136,0.061557,35.23631,29.566487,30.777901,31.32683,31.036844,28.38528,24.821796,23.260604,23.481937,23.006933,20.362022,13.017079,3.365426,3.317265,2.676707,1.108643,1.021472,0.534141,54.046196,76.392438,72.465056,66.518293,63.734841,49.862202,513.608691,359.01495,433.339646,446.747576,497.644003,492.779414,3.792358,0.980883,0.38633,0.844161,0.975346,2.536072,180.148987,133.653739,31.833949,79.157976,45.894919,170.328406,1318.038638,0.6569322924507468,31.588874399999998,22.9866584,2.2979026,3.792358,8.670988999999999,561.8599999999999,450.0709732,2250.354866,66.6313648,8.603772604403414,1105.702
Madhya Pradesh,Burhanpur,2025,0.202,800.0,130.729112,171.869626,258.708682,237.760098,46.590551,5.113584,34.518289,30.059604,30.589717,30.406742,31.696533,29.837107,24.543908,23.238098,23.111353,22.242005,20.791351,14.571667,3.222022,3.43044,2.722769,1.221211,1.084839,0.716386,55.640733,72.479889,70.628974,67.362661,63.142905,50.726828,510.277486,371.007804,422.8297,426.692948,511.986872,514.090653,2.75163,1.186274,0.650264,1.052186,1.689034,2.882731,158.693366,114.813884,36.926676,114.601056,72.238284,176.910964,845.6580690000001,0.5091636014413764,31.454176999999998,22.785343,2.3362562000000002,2.882731,9.159932999999999,559.5831740000001,448.55896199999995,2242.79481,65.8510324,6.720112622437649,1088.46
Madhya Pradesh,Chhatarpur,2025,0.467,510.0,204.501906,660.002919,183.768956,145.606305,61.628183,0.894945,37.22067,31.891827,32.207876,32.761015,30.922722,27.90372,26.085622,24.539842,24.963316,24.876592,20.856807,12.696411,2.948714,3.017837,2.51742,1.153581,1.009557,0.558295,51.853689,72.364869,72.418059,66.727752,66.306008,53.72329,521.552386,409.10576,460.994523,473.058322,484.169041,472.584647,1.662201,0.82488,0.426316,0.767464,0.677033,1.200957,164.388278,106.788995,37.992584,68.469856,40.005263,123.490431,1255.508269,0.6720560077808616,33.000822,24.2644358,2.1294218000000003,1.662201,4.791386999999999,472.665551,469.7760064,2348.880032,65.93407540000001,8.402718120175535,897.442
Madhya Pradesh,Chhindwara,2025,0.133,450.0,162.829643,477.185022,244.395571,234.612066,58.958433,4.88487,34.729571,29.234669,30.598292,30.497458,30.572689,28.015323,24.68722,23.036747,23.384183,23.04301,21.088891,13.62355,3.233223,3.305969,2.70591,1.071021,0.809715,0.537561,55.8007,75.663821,72.310695,69.928691,69.078772,53.128127,491.842964,374.497841,430.913349,435.922812,485.569507,497.168368,3.48274,0.918082,0.912055,1.256164,2.369589,3.177534,221.254795,167.670959,67.896986,142.521644,97.036712,207.264658,1177.980735,0.6125572104538705,31.1265358,23.0480102,2.2251676,3.48274,10.86,761.12411,443.74929460000004,2218.746473,68.5565358,7.574201306261981,1035.264
Madhya Pradesh,Damoh,2025,0.8,755.0,186.208617,587.089249,178.19049,195.076176,49.533434,0.435262,36.168351,30.389979,31.366075,31.759849,30.658079,27.814489,25.605066,23.727576,24.17392,23.840608,21.012535,13.185616,2.995736,2.962502,2.548212,1.021344,0.900319,0.524246,53.7252,74.893702,72.860084,68.043007,68.020477,55.044658,513.229059,397.095603,454.112053,463.090233,482.462968,482.39142,3.442104,0.862357,0.478754,0.673676,0.939052,2.310641,180.304357,110.471351,29.867978,63.39368,42.327425,143.99564,1196.097966,0.6398135944994994,32.0684666,23.671941,2.0856225999999998,3.442104,8.032908,506.966751,461.9979832,2309.989916,67.508494,8.272058948068159,1002.916
Madhya Pradesh,Datia,2025,,,195.54492,511.707109,143.813678,111.09396,87.708152,0.963775,37.517749,32.219006,32.409914,33.142149,30.909034,27.978804,26.252257,24.741389,25.003783,24.636036,20.376688,12.61415,2.788081,2.752825,2.294198,1.104218,0.97359,0.504935,50.270391,72.200258,72.577497,64.479501,64.939254,53.404262,545.989643,443.720824,451.873333,496.273609,471.336162,455.813088,2.378763,0.835081,0.46586,0.776075,1.094086,2.306855,158.856452,90.760484,29.867204,63.947043,43.310753,156.340726,1049.867819,0.6243841130632846,33.2395704,24.2020306,1.9825823999999996,2.378763,7.080645,479.135619,481.83871419999997,2409.193571,64.8933802,9.033843696362181,913.078
Madhya Pradesh,Dewas,2025,3.45,1050.0,139.488352,311.01971,242.221499,240.865691,44.890727,1.882253,34.735312,29.90935,30.732041,30.951563,31.162138,28.844355,24.622629,23.212795,23.222317,22.448096,20.182677,13.336826,3.255438,3.344122,2.622301,1.195988,1.044996,0.574974,54.848954,73.039563,70.507224,65.336373,62.142328,49.629642,521.078645,379.320342,437.212934,451.0998,506.476002,501.731579,4.145338,1.203799,0.665791,0.952879,1.020823,2.203783,181.742944,137.498526,36.613044,85.200551,43.832933,144.764409,978.4859789999999,0.5654053516080071,31.498080799999997,22.7377028,2.292569,4.145338,9.239533999999999,544.451856,459.0375446,2295.187723,65.1748884,7.1786894800461525,1119.16
Madhya Pradesh,Dhar,2025,2.965,1185.0,193.339906,180.088271,262.892726,257.957223,81.527308,4.166634,34.212139,30.049124,30.517262,30.587805,31.070913,28.754369,24.577258,23.30977,23.12589,22.312915,20.224768,14.019611,3.441036,3.713896,2.84197,1.414321,1.089994,0.55409,55.935227,71.159619,70.210088,65.810342,62.396926,51.651897,522.767034,398.635895,434.867811,444.428663,501.706965,500.012381,3.355723,1.20511,0.376177,1.047165,1.144405,2.413179,166.555369,120.436199,31.290629,94.435878,17.578961,155.41606,975.8054340000001,0.45396447033927867,31.287448599999998,22.7101202,2.5002434,3.355723,8.494594,491.277218,460.4812736,2302.406368,65.1024404,6.217640448013887,1139.888
Madhya Pradesh,Guna,2025,0.333,685.0,267.739378,747.988624,246.905542,173.362784,74.667405,3.343937,36.041686,30.260991,31.249265,31.881844,30.746288,28.257065,25.299938,23.666828,23.796709,23.306313,19.736582,12.746858,3.013015,3.088491,2.52914,1.044683,0.964421,0.449679,51.940271,74.460245,71.197,64.021529,62.17812,49.561844,530.073685,386.371528,463.675539,486.693239,494.547672,484.699189,3.389244,0.759145,0.403024,0.613157,1.036828,2.561328,162.089577,122.847887,26.387857,65.114186,38.13082,179.354463,1510.6637329999999,0.6585808239562735,32.0360148,23.161274,2.1279500000000002,3.389244,8.149569,528.810604,472.2723326,2361.361663,64.759433,8.761943503559328,1034.262
Madhya Pradesh,Harda,2025,0.89,640.0,184.46389,425.927639,260.641356,288.566498,69.069174,1.187999,34.880021,29.770313,30.819806,30.847673,31.346766,29.254896,24.602996,23.158721,23.321151,22.569319,20.907084,13.91322,3.007587,3.073046,2.480578,1.166929,1.093029,0.718462,55.675828,74.555951,71.302442,67.229847,64.597778,51.040457,511.984662,374.712015,441.89611,443.212637,498.716734,502.395313,2.979097,0.905783,0.991577,0.678176,1.194439,1.945061,181.694401,133.761921,32.52851,66.940626,52.297913,154.440882,1228.668557,0.5587910515724217,31.5329158,22.9118542,2.1642338,2.979097,8.015957,554.723627,454.10443160000005,2270.522158,66.6723692,7.230613124737394,1095.586
Madhya Pradesh,Hoshangabad,2025,0.4,540.0,201.233488,724.133209,282.263097,318.843658,71.839174,0.284729,35.000504,29.315959,30.799307,30.813399,30.841341,28.608844,24.627189,23.111332,23.509364,22.895252,21.028505,13.799717,3.057645,2.960882,2.484978,1.126625,0.978868,0.600404,55.609354,76.738715,72.884265,68.223875,67.463081,53.016673,505.121626,371.596006,433.495809,452.853502,490.584484,495.620529,1.995149,0.469135,1.952433,0.658829,2.493996,3.669901,152.615899,87.874967,45.334675,62.659081,76.658417,194.700428,1598.312626,0.629661738028465,31.354102,23.0343284,2.1217996,3.669901,10.580614,557.184386,450.73028539999996,2253.651427,68.183858,7.967412941886028,948.934
Madhya Pradesh,Indore,2025,2.14,1015.0,153.984287,203.921711,277.876613,271.383442,58.06778,3.586725,34.161898,29.629158,30.280162,30.649111,30.939946,28.632518,24.371589,23.029537,22.860491,22.000745,19.916121,13.296635,3.431061,3.600243,2.704802,1.369061,1.116468,0.61049,56.088211,72.585997,71.153206,65.528943,62.569291,50.25076,508.574356,382.492636,423.279702,437.033611,501.030261,502.600759,4.020412,1.165284,0.47281,0.866752,0.792763,2.20949,170.233362,127.942822,35.712982,78.604651,21.274668,131.465044,965.2338329999999,0.49915192311747325,31.132055,22.4356966,2.444327,4.020412,8.660759,486.628878,450.4821132,2252.410566,65.5851296,6.695250582295543,1121.252
Madhya Pradesh,Jabalpur,2025,0.0,540.0,201.636255,628.237654,236.457293,221.418261,71.675121,1.555932,35.184887,29.726746,30.984384,31.286049,30.436847,27.693883,25.090013,23.500112,23.915432,23.527462,21.111108,13.014244,2.967183,2.854353,2.434238,1.0491,0.865038,0.509181,55.652788,76.672399,73.836345,68.673838,68.96454,53.482357,504.643408,393.45291,440.591375,454.382312,481.977885,483.920942,1.5,0.7,0.6,0.6,1.1,1.7,167.3,94.7,36.4,78.1,61.4,182.1,1359.424584,0.6360742310954117,31.523782599999997,23.4288254,2.0339824,1.7,5.6,541.9,455.009578,2275.04789,68.75998200000001,8.065723826901618,976.474
Madhya Pradesh,Jhabua,2025,0.83,955.0,244.795063,226.550514,251.886125,257.401493,98.004076,0.603207,34.348336,29.947566,30.600843,30.896465,31.136004,28.6534,24.768461,23.295119,23.220882,22.615658,20.171886,14.012284,3.37436,3.729636,2.818857,1.348488,1.092694,0.514194,55.966667,72.266084,70.381904,65.19284,61.382326,50.627082,526.917418,392.2761,436.967536,461.817675,509.702074,498.577577,2.835539,1.125684,0.700809,0.85213,1.445344,2.802773,169.646318,126.007249,39.433655,98.904915,21.557923,189.277545,1078.637271,0.4435565614717202,31.3858428,22.8144012,2.472807,2.835539,8.910149,545.92269,465.5361606,2327.680803,65.0379642,6.642279700573985,1124.15
Madhya Pradesh,Khandwa,2025,1.78,700.0,161.169636,263.527221,268.630558,258.840803,47.020929,1.474363,34.645048,30.042382,30.774725,30.73761,31.429393,29.198737,24.602074,23.342303,23.307241,22.414644,20.605955,13.608907,3.133953,3.198461,2.565203,1.179554,1.118973,0.69041,55.962561,73.304932,70.873496,65.846831,62.154113,50.136626,526.350554,384.646614,429.078714,433.4945,504.832741,502.093184,3.055036,1.156684,0.562163,0.835775,1.365976,2.160536,170.849287,122.393088,28.449731,87.824584,58.860027,161.721485,999.189147,0.5325896308999841,31.525831600000004,22.8544434,2.2392288000000002,3.055036,8.300395,542.2736179999999,455.6806246,2278.403123,65.6283866,6.927968703548557,1132.978
Madhya Pradesh,Khargone,2025,0.65,600.0,151.454807,146.663355,284.205253,230.68654,45.028295,5.043488,34.312306,30.143868,30.75241,30.546423,31.392226,29.454156,24.495623,23.281312,23.140312,22.209626,20.315802,14.141524,3.400661,3.634571,2.753166,1.364612,1.140167,0.895256,55.691847,70.931757,69.048537,65.65104,62.684427,52.193724,528.767052,396.737307,442.231352,445.843487,509.916613,503.239296,2.614605,1.125713,0.494563,0.845754,1.590944,2.612175,161.042497,115.056658,29.056797,94.950963,62.87877,174.101865,858.0382500000001,0.5021554784999386,31.4294466,22.688535,2.4586354,2.614605,8.438,542.136587,464.69916219999993,2323.495811,64.8015216,5.995975071713174,1085.558
Madhya Pradesh,Mandsaur,2025,2.8,885.0,174.654102,438.714447,230.146356,192.440198,92.160993,1.286642,35.312113,30.27584,31.292879,31.688477,30.778491,28.400664,25.077803,23.801531,23.7361,22.913026,19.618412,12.967009,3.312692,3.47301,2.625396,1.214274,0.998757,0.620039,54.827431,73.08716,70.422297,62.976153,60.3715,49.721743,533.52337,390.107935,435.857971,463.941197,501.064601,487.15105,3.867089,1.479515,0.50944,0.836934,0.679885,1.566363,173.351327,112.38719,24.013032,83.261748,10.933406,143.104063,1128.116096,0.5929006822716233,31.86956,23.029374400000002,2.3248258,3.867089,8.102292,463.789018,464.8990148,2324.495074,64.3369082,7.443203895750184,1129.952
Madhya Pradesh,Narsimhapur,2025,0.35,611.0,168.167822,704.564385,256.400703,265.316698,48.970191,0.000468,35.534355,29.737559,30.985252,31.159587,30.716589,28.001272,25.166191,23.366632,23.780167,23.363061,21.074803,13.530155,2.886218,2.887523,2.465775,1.042724,0.907507,0.521068,54.743059,75.977217,73.009451,68.609312,68.351024,55.206962,506.362662,386.860734,436.151488,451.66597,488.399468,491.238822,2.019064,0.352508,0.890301,0.657079,1.587402,3.259643,160.394649,100.497213,55.678818,75.14214,71.70524,166.147826,1443.4197989999998,0.6657557895947914,31.6266684,23.3501708,2.0379493999999996,3.259643,8.108918,554.4237459999999,453.88806439999996,2269.440322,68.1380126,8.137510624218827,986.36
Madhya Pradesh,Neemuch,2025,1.1,925.0,201.082239,443.857835,224.066319,173.372543,118.923022,0.937577,35.496714,30.362211,31.366644,31.775192,30.825719,28.255586,25.207737,23.895894,23.818948,22.942565,19.585495,12.959915,3.242494,3.431104,2.631047,1.191138,0.966809,0.566706,54.401126,73.287323,69.753314,62.408442,58.638508,48.53102,531.61712,389.243029,444.570697,471.532728,501.793952,483.899671,3.672649,1.443899,0.597981,0.990674,0.69652,1.624877,180.694306,119.090817,27.631144,89.835458,10.666035,143.4631,1161.301958,0.57515114772587,31.965296000000002,23.090127799999998,2.2925184,3.672649,8.035926,481.545402,467.7515052,2338.757526,63.69774259999999,7.783238853635344,1113.25
Madhya Pradesh,Panna,2025,0.001,1000.0,184.832378,556.747121,205.353912,167.6339,65.383463,0.508537,36.598175,31.215939,31.770231,32.151888,30.699838,27.693874,25.859974,24.200451,24.643916,24.336549,21.030781,12.807469,2.8948,2.900783,2.490188,1.069475,0.938868,0.55866,53.237699,73.890708,73.275836,68.053211,68.302857,54.940152,515.948509,407.016051,458.544428,467.533533,480.759949,477.556438,4.681907,0.687658,0.550771,2.462833,0.936185,1.279102,165.858766,94.609818,24.861711,89.09986,33.931417,117.241374,1179.950774,0.6458752769969369,32.4872142,24.0143342,2.0588228,4.681907,8.135622999999999,436.503086,465.9604939999999,2329.8024699999996,67.3520622,8.34349827507004,942.428
Madhya Pradesh,Raisen,2025,0.51,610.0,185.663044,738.73949,252.707807,273.132094,50.927247,0.002701,35.162748,29.484787,30.854883,31.045497,30.89433,28.414222,24.811496,23.287779,23.632963,23.065407,20.763054,13.607085,3.191867,3.047205,2.571074,1.068648,0.89389,0.482141,54.637259,76.889128,73.136056,67.904001,66.413862,52.39931,509.385707,368.77057,424.764739,459.822021,498.623463,493.645376,1.860904,0.486345,0.551271,0.801216,2.249597,3.191366,138.144402,94.938148,31.853101,76.494268,72.916571,185.171413,1501.1696820000002,0.6604498537960747,31.488449000000003,23.1121398,2.1545368,3.191366,8.339483,523.023635,452.2733,2261.3665,67.7960612,8.459840560863407,989.03
Madhya Pradesh,Rajgarh,2025,4.15,865.0,177.647292,698.83007,192.395205,204.135232,56.56842,0.848157,35.58365,30.103517,31.0565,31.600376,30.914199,28.386335,25.127783,23.592625,23.579041,23.024029,19.834164,12.810717,3.129577,3.243229,2.56679,1.122022,1.019032,0.55714,52.534029,74.046567,70.912138,63.965009,61.729975,49.581415,535.949359,385.752472,450.802621,473.233567,497.997955,487.623291,4.117817,1.292532,0.434531,0.968601,0.707478,1.852685,181.00647,125.530906,23.995407,77.312321,26.988505,143.066279,1329.576219,0.6703077734575515,31.8516484,23.031528400000003,2.2161299999999997,4.117817,8.405043,500.587567,468.74719479999993,2343.7359739999997,64.6375436,8.41578249259353,1042.708
Madhya Pradesh,Ratlam,2025,2.73,990.0,205.944213,275.591994,304.682444,269.202878,91.01257,1.118279,34.740964,29.925246,30.745352,31.231075,30.832478,28.501678,24.797343,23.420262,23.295998,22.64557,19.783229,13.381791,3.416095,3.700235,2.753904,1.31348,1.066441,0.525249,54.985177,72.541368,70.32395,64.055173,60.952702,49.532918,532.141887,391.496241,425.817582,462.42557,503.132042,492.001579,3.63071,1.259852,0.544867,0.862521,0.870536,1.960456,180.708378,127.022657,32.574868,87.385391,14.343887,152.692685,1146.434099,0.5061559478265308,31.495023000000003,22.788480400000005,2.450031,3.63071,8.266421,507.34247500000004,463.00266440000007,2315.0133220000002,64.571674,7.104036845072772,1131.008
Madhya Pradesh,Sagar,2025,2.35,860.0,183.795487,625.75406,198.398804,207.197148,40.596661,0.666472,35.778609,29.931172,31.093591,31.47827,30.661033,28.00325,25.294235,23.41418,23.853374,23.532363,20.716012,13.231211,3.03986,3.009222,2.5421,1.047634,0.924425,0.481135,53.900246,75.453815,72.641196,67.358339,66.527164,52.787152,512.578703,382.588804,446.863066,460.704947,489.608633,485.60395,3.008142,0.859889,0.500556,0.686499,1.021724,2.353316,165.98484,112.834075,32.264948,67.375771,47.998473,155.715885,1255.74216,0.656307393549644,31.788535000000003,23.3620328,2.1126481999999998,3.008142,7.743626999999999,514.7982209999999,458.4688306,2292.344153,67.176152,8.292925724849072,1022.634
Madhya Pradesh,Sehore,2025,3.179,1065.0,171.532232,552.671849,209.34804,254.942185,53.591106,0.345613,35.015814,29.645423,30.786958,31.097723,31.141041,28.832175,24.705164,23.186242,23.357615,22.812657,20.443443,13.552639,3.190218,3.190284,2.599842,1.138808,1.022548,0.54161,54.279663,75.028142,71.309809,66.393353,63.67264,50.717285,515.027491,370.350112,439.317568,455.766161,502.450506,498.194572,3.913573,1.062369,0.548796,0.898972,0.975271,2.252602,179.447211,135.68192,31.929771,76.437691,44.314913,151.399883,1242.0854120000001,0.613500393481797,31.5373918,22.901024200000002,2.22834,3.913573,8.752610999999998,542.773698,456.5823676,2282.911838,66.1367214,7.945841466269215,1131.118
Madhya Pradesh,Shajapur,2025,2.79,995.0,138.412202,425.143035,190.020456,211.46748,37.288369,1.70697,35.292094,29.989387,30.96877,31.44998,31.021912,28.618615,25.039623,23.44526,23.431238,22.807769,19.892204,12.974666,3.137367,3.2933,2.546432,1.144013,1.079223,0.550301,52.912286,72.512824,69.998839,64.10601,61.840939,49.739629,533.066059,390.939868,446.07513,468.47596,501.25994,491.34435,4.718248,1.198919,0.429081,1.063195,0.660875,2.11969,185.05583,126.727038,26.44511,82.73402,33.575341,139.76431,1002.331542,0.6137325477880652,31.7444286,22.9232188,2.240067,4.718248,9.126813,511.567629,467.9633914,2339.816957,64.2741796,7.676075719487677,1128.772
Madhya Pradesh,Sheopur,2025,0.03,610.0,267.019656,722.170464,266.795131,144.524942,115.567307,5.035129,37.103863,31.749311,32.402906,32.725484,30.897391,27.98072,26.030497,24.594409,25.015281,24.274532,19.805933,12.697914,2.825097,2.910769,2.422717,1.109162,0.843058,0.389349,50.925729,72.500416,70.230204,63.102993,61.170601,49.437661,546.478914,417.789189,483.45181,516.078283,486.154987,464.557241,4.541983,1.042827,0.404219,0.9327,0.986709,2.072996,167.290506,116.854641,27.723629,78.214768,14.309916,157.95,1516.0775,0.6523186281703937,32.975791,23.9441304,2.0221606,4.541983,9.048734,484.128692,489.9906366,2449.953183,63.585988599999986,8.514137791031946,922.124
Madhya Pradesh,Shivpuri,2025,0.3,710.0,298.801862,721.410832,219.697134,121.561194,88.906954,3.034288,36.874093,31.118952,31.885859,32.683991,30.653731,27.990723,25.821506,24.225394,24.542556,24.051439,19.945921,12.631993,3.007331,3.021533,2.537053,1.058082,0.892981,0.433134,51.671745,73.876096,71.640252,63.810288,63.255421,50.965709,521.650656,396.110914,462.142345,493.465854,482.479805,470.997218,2.433238,0.824875,0.41557,0.774325,1.002277,2.327092,159.063549,102.158091,25.944063,69.936785,37.744514,164.147498,1450.3779760000002,0.6488708333778503,32.6433252,23.7173632,2.1033960000000005,2.433238,7.003051999999999,489.05771500000003,471.16991479999996,2355.849574,64.8507604,8.730235054236646,916.67
Madhya Pradesh,Ujjain,2025,4.99,1020.0,133.173605,258.346085,248.613313,242.785664,63.647753,2.707356,34.756961,29.879044,30.687059,31.199857,30.774463,28.55485,24.773237,23.300035,23.145301,22.350108,19.687034,13.02148,3.359708,3.635259,2.686862,1.271696,1.098242,0.565726,54.662355,71.744789,70.045188,63.633945,61.569343,49.452567,527.684498,391.364806,427.774415,455.195973,497.750137,493.917275,4.494564,1.376947,0.423684,0.962516,0.645158,2.092862,181.479979,122.34675,26.974172,83.252861,11.523642,137.473997,946.56642,0.5355772054537916,31.459476799999997,22.651142999999998,2.4103534000000004,4.494564,9.033215,479.79853999999995,459.9539658,2299.769829,64.331124,6.877709338029703,1131.746
Madhya Pradesh,Vidisha,2025,2.89,855.0,198.742062,684.044092,219.27105,171.267026,51.607149,0.172797,35.722487,29.839753,31.054154,31.612321,30.866334,28.310173,25.067343,23.453797,23.673433,23.246463,20.075256,12.963661,3.163251,3.114232,2.590227,1.059788,0.956429,0.486834,52.921839,75.858996,72.21993,65.650059,63.981933,51.239928,520.506636,367.068448,446.971455,463.67997,494.65227,491.478496,3.419549,0.872501,0.359555,0.641739,0.873248,2.31895,167.585835,121.907054,27.915463,63.360654,40.407425,166.782093,1324.9313789999999,0.6817825861153524,31.819009799999996,23.103258399999998,2.1767854,3.419549,7.843803,524.5978700000001,458.5757558,2292.878779,66.1265514,8.818171626116683,1074.718
Maharashtra,Ahamadnagar,2025,1.735,1015.0,103.442901,103.068135,164.924228,321.489825,69.000917,5.092442,31.745602,29.467131,29.292171,28.964249,31.230389,29.811783,23.328171,22.712996,22.329845,21.57279,20.962045,15.171308,3.910913,4.199608,3.205487,1.622855,1.298446,0.795178,62.491466,70.967005,72.150176,70.113599,65.632383,53.046692,497.042975,378.74178,406.944114,412.397354,509.194853,531.057176,2.464689,1.008648,0.817711,0.979641,1.214275,1.971932,141.437809,105.826024,64.514429,127.736374,99.59836,137.341279,761.9260059999999,0.35173016918915884,30.139908399999996,22.1811694,2.8474617999999996,2.464689,7.4772549999999995,548.717901,440.86421520000005,2204.321076,68.27092580000001,4.064385973800924,1024.806
Maharashtra,Akola,2025,2.21,1090.0,130.956059,170.552978,244.57587,196.083024,43.394793,1.709112,34.837721,30.188012,30.864913,30.623409,31.682893,30.078701,24.749882,23.429326,23.341667,22.499333,21.157864,14.751841,3.116691,3.236616,2.61032,1.177113,1.171816,0.893261,54.746168,71.96594,70.607805,67.388075,64.621919,51.087494,515.300324,376.580118,425.599495,424.360341,507.844301,508.874588,2.590336,0.717672,0.444337,1.61458,2.018968,2.863534,151.748801,97.783246,29.629038,154.530938,84.898564,169.7965,785.5627240000001,0.5284477423854953,31.639389599999998,23.0356144,2.2625112,2.863534,8.634847,533.856149,449.93691580000007,2249.684579,65.8659814,6.841218754876672,1067.908
Maharashtra,Amaravati,2025,2.241,820.0,127.507358,262.895895,260.250849,215.578232,60.6727,2.823721,34.867327,29.863912,30.821517,30.57885,31.462798,29.737573,24.703451,23.280585,23.336121,22.556532,21.189157,14.622926,3.21909,3.272269,2.664922,1.127631,1.047187,0.803996,54.980928,73.18585,71.077212,68.407395,66.268587,51.795881,506.580557,368.8089,429.704698,428.335291,501.454053,508.46249,2.845873,0.812282,0.370987,1.947657,2.372424,2.706993,147.002326,95.398422,26.585573,160.337479,90.263722,164.255646,926.905034,0.5644016644751548,31.518880799999998,23.0131692,2.2662198000000005,2.845873,9.108559000000001,523.505689,446.9766998,2234.883499,66.78399440000001,7.099804983643305,1080.06
Maharashtra,Aurangabad,2025,0.305,1015.0,103.710135,152.506766,179.886584,302.044214,80.825646,6.441226,32.863224,29.716265,29.646139,29.554834,31.344906,29.572114,23.641232,22.853527,22.420521,21.659079,20.809499,14.531729,3.727295,3.914914,3.071223,1.49989,1.231863,0.729157,58.526962,71.380852,71.436777,68.184894,64.039235,52.165388,505.924642,372.20437,406.004856,412.077633,506.988653,522.552168,4.207138,1.052439,0.600395,1.359182,2.461334,3.37665,149.795158,110.01363,41.384684,152.934469,87.41528,191.840531,818.973345,0.40586589542789087,30.6250736,22.276771599999996,2.689037,4.207138,11.697955999999998,580.4492829999999,440.6400307999999,2203.2001539999997,66.713744,5.4870214604979015,1043.542
Maharashtra,Bhandara,2025,0.005,800.0,123.278463,617.148508,268.725486,250.928704,74.316002,5.566881,35.185077,29.690961,31.169925,30.917527,31.135818,29.28926,25.123582,23.662926,23.859573,23.309085,21.883383,14.610727,3.141922,2.913023,2.430849,0.992472,0.919372,0.494642,55.820473,77.337593,72.927278,69.55863,69.773678,53.274993,500.436942,374.619754,425.479335,457.936123,480.259558,494.248408,1.626667,0.706667,0.666667,1.553333,1.753333,2.3,137.046667,103.426667,39.4,110.913333,76.826667,121.6,1334.3971629999999,0.6638758074158166,31.6198616,23.567709799999996,2.0795275999999996,2.3,7.0533339999999995,478.300001,447.74634240000006,2238.7317120000002,69.0835304,8.054729355363612,1028.624
Maharashtra,Bid,2025,3.35,1010.0,53.250153,142.990877,282.036386,374.682956,72.931508,3.737072,32.679327,30.145948,29.584893,29.361946,31.502437,29.988231,23.530989,22.718702,22.367317,21.624417,21.035165,15.086983,3.867313,4.17942,3.122276,1.465981,1.18283,0.789759,59.588036,68.812958,71.732089,69.119571,65.543288,52.717445,498.727642,371.281058,398.296276,417.322036,509.382688,531.561232,2.491945,1.350249,0.754616,1.050941,1.19353,2.421553,155.603722,113.48332,62.031816,135.051952,107.493586,159.224784,925.89188,0.4590463229896778,30.6549102,22.255318,2.7635639999999997,2.491945,8.211893,597.8372280000001,439.00194,2195.0097,66.9591884,4.669661564088266,1026.658
Maharashtra,Buldhana,2025,4.315,1120.0,136.971073,195.698407,210.159479,215.36069,46.784097,5.133588,34.184863,30.000216,30.24947,30.087444,31.678191,29.971088,24.37518,23.169605,22.848537,22.03595,20.984556,14.763333,3.460577,3.627278,2.855507,1.224691,1.12478,0.865156,55.994637,71.63949,70.973796,67.495838,63.531438,50.466245,508.090941,368.741341,417.085482,419.789021,512.257326,519.069632,2.826383,0.965573,0.477648,1.302327,1.766305,2.923452,159.105292,110.545551,35.304122,143.342507,82.074865,171.400345,804.973746,0.5041877303660535,31.240036800000002,22.682765600000003,2.4585665999999997,2.923452,8.959361000000001,558.4301750000001,445.1928222,2225.9641110000002,65.92703979999999,6.421730619304517,1063.454
Maharashtra,Chandrapur,2025,0.552,784.0,178.4694,523.925968,344.300497,349.516763,92.389823,5.139679,35.183363,30.37862,31.244859,30.989555,31.661412,30.233412,25.187394,23.763966,23.848249,23.17947,22.133594,15.589646,3.22612,3.21409,2.549821,0.994579,0.963238,0.5397,56.08776,74.500638,72.127204,68.895516,68.644198,53.024258,498.034141,378.848743,408.044457,441.75824,480.31905,503.996081,2.355855,0.923888,0.447307,2.019204,2.228923,1.804567,149.437705,93.76089,33.179742,151.541803,91.809602,147.169438,1488.602451,0.5832493856346607,31.891561799999998,23.6225346,2.1895696,2.355855,7.760540000000001,515.357377,441.4009262000001,2207.0046310000002,68.0510632,7.113323270450822,1013.622
Maharashtra,Hingoli,2025,2.506,1080.0,115.359492,205.470294,332.687976,319.81671,69.877354,4.022721,34.104087,30.280743,30.219736,30.212192,31.676515,30.238242,24.36457,23.211755,22.970259,22.231974,21.480572,15.06273,3.480175,3.631234,2.810503,1.168535,1.105734,0.764846,57.366709,71.315778,72.423954,69.251192,65.776905,51.332961,498.239943,368.419028,403.118127,411.83418,503.647773,525.152822,2.448032,1.113214,0.570278,1.303114,1.451685,2.765078,157.002368,121.11619,45.312814,150.444751,123.602095,157.83808,1043.211826,0.5158667267638893,31.2986546,22.851826,2.4392362000000003,2.765078,8.348287,604.871547,437.0518102,2185.259051,67.22690759999999,6.065309219967295,1046.29
Maharashtra,Jalgaon,2025,0.308,916.0,138.674366,131.180496,237.20743,240.969741,58.761307,13.332924,34.02764,30.259052,30.583244,30.254479,31.625662,29.623579,24.361895,23.313412,23.059156,22.174588,20.803639,14.587386,3.408497,3.661408,2.833808,1.360227,1.165773,0.815182,56.146864,70.775033,69.64459,66.789837,63.089629,52.50315,520.611709,386.58468,430.962039,428.743885,511.598627,510.946802,2.615118,1.015723,0.415028,1.336431,2.405831,3.332017,141.134885,95.048625,29.307556,143.16367,85.136857,184.034129,806.79334,0.4566075446284671,31.3500154,22.742538000000003,2.4859426,3.332017,9.783717,534.662052,455.70018799999997,2278.50094,65.2891906,5.910501613278121,1068.134
Maharashtra,Jalna,2025,1.999,1100.0,88.437697,211.188749,204.316102,277.470387,85.41217,4.473807,33.21758,30.016462,29.737946,29.625101,31.569995,29.755534,23.770882,22.89493,22.44363,21.499843,20.87476,14.587295,3.636032,3.790484,2.888886,1.284152,1.18739,0.725199,57.647698,70.841498,71.595677,68.040746,64.168792,52.454757,506.327917,370.696856,402.146923,412.929735,511.593042,522.805749,3.067391,1.111683,0.647919,1.249352,1.682831,3.432941,159.10655,103.676938,46.374276,142.77201,115.88375,179.551405,866.8251050000001,0.4793410442352151,30.833416800000002,22.296809,2.5573888000000005,3.432941,9.942765,604.592919,440.7388946,2203.694473,66.45888219999999,5.72227566794743,1053.224
Maharashtra,Latur,2025,4.356,1015.0,94.970041,156.841819,364.462141,347.843007,115.734255,1.12185,32.852465,30.438896,29.757004,29.691888,31.594505,30.234867,23.643741,22.89193,22.518731,21.874514,21.367302,15.538289,3.669091,4.009076,2.954498,1.258883,1.185462,0.956408,59.411128,68.392803,72.063339,69.268881,66.394597,51.414595,498.087093,369.958622,398.031039,413.641505,501.24282,534.938795,2.304268,1.331321,0.668698,1.070346,1.152892,2.298216,155.23515,108.430115,55.79614,140.836347,110.867696,155.204722,1079.851263,0.48275533664861764,30.8669516,22.4592436,2.615402,2.304268,7.755395,585.533823,436.19221580000004,2180.961079,67.10614960000001,4.759891683504552,1008.54
Maharashtra,Nagpur,2025,0.725,754.0,116.258681,484.481657,252.140226,245.751414,64.565427,7.287247,35.208714,29.784073,31.085394,30.804128,31.070794,29.195891,25.110099,23.600021,23.76736,23.146986,21.499228,14.381279,3.252203,3.11009,2.546552,1.001231,0.902016,0.480893,55.168209,76.077368,72.378223,69.194552,68.840301,52.988725,504.08563,374.651069,422.959724,441.282931,484.371871,494.878623,2.590081,0.790703,0.433187,1.860626,2.429727,2.550358,153.810564,100.528578,31.181062,146.519048,87.872222,148.228686,1163.197405,0.6332733204472719,31.5906206,23.4247388,2.1624184,2.590081,8.794056,521.621112,445.470245,2227.351225,68.3317306,7.91597127662262,1052.714
Maharashtra,Nanded,2025,4.356,980.0,144.249039,218.024767,443.834545,355.744406,97.683592,3.756608,34.260983,30.665436,30.54425,30.468895,31.840041,30.451263,24.577508,23.433376,23.193021,22.434154,21.750873,15.584084,3.513055,3.673623,2.822153,1.163941,1.101759,0.853692,57.737637,70.298216,71.948,68.930928,66.780463,51.437175,494.439728,369.103488,407.547557,421.440907,496.900264,524.942446,2.733786,1.586405,0.595772,1.248877,1.351897,2.513472,152.591623,108.884478,42.316353,142.240028,116.986762,154.730348,1259.5363490000002,0.5254785322594925,31.555921,23.0777864,2.4549062,2.733786,8.781331999999999,575.509564,437.88638879999996,2189.431944,67.1390488,5.586418971892251,1081.002
Maharashtra,Nashik,2025,0.856,1011.0,270.932351,278.946683,240.717394,344.985151,109.192576,7.910015,32.02072,29.451286,29.37205,29.290163,31.425196,29.59555,23.697683,23.184023,22.648793,21.860363,21.04633,15.100397,3.81242,4.044799,3.14844,1.580142,1.336281,0.813341,62.081092,73.349784,72.824566,69.468455,64.5119,51.489456,496.586412,376.786546,409.44674,398.328732,504.445145,524.158797,2.313161,0.856731,0.652043,0.860337,1.013041,1.531971,154.813401,124.793329,67.405709,111.913822,92.861478,141.184675,1244.774155,0.4174765959853978,30.311883,22.4874384,2.7844164000000005,2.313161,6.366947000000001,581.058592,437.11871499999995,2185.593575,68.4471594,5.006334534853302,1021.65
Maharashtra,Parbhani,2025,2.565,1050.0,81.967666,218.198656,301.812446,334.905099,89.274252,5.345739,33.84622,30.558427,30.241209,30.142037,31.748527,30.327206,24.235705,23.185469,22.935073,22.213999,21.405024,15.283131,3.481364,3.670841,2.791224,1.172265,1.166499,0.973022,57.186514,69.144958,71.807872,68.803015,64.763446,50.977605,503.899401,371.458679,401.078619,415.691366,509.098221,526.703597,2.750894,1.183483,0.65933,1.212669,1.332535,3.12993,160.702359,109.836699,53.618144,142.067603,117.612654,168.138452,1026.158119,0.5067553356267895,31.307284,22.795054,2.4564386,3.12993,9.056172,609.908308,440.2452572,2201.226286,66.341161,5.703149967515321,1059.65
Maharashtra,Pune,2025,0.415,990.0,258.836788,225.398918,226.151807,264.335765,65.654419,7.417598,30.49386,28.727956,28.476037,28.346324,30.855318,29.721099,23.124511,22.675407,22.236914,21.399318,21.15956,15.734296,3.870464,4.161551,3.257623,1.770501,1.454137,0.874957,67.28329,73.686448,74.639595,71.474892,67.289824,52.963528,488.740489,389.672066,406.974486,406.917183,503.598159,533.173961,1.381412,1.044711,1.3332,1.225114,1.394844,1.793436,133.078786,124.115582,116.425514,134.353139,117.829338,151.606868,1040.377697,0.43402576420282496,29.379899,22.119142,2.9028552000000003,1.793436,6.947603,643.056088,439.1804766,2195.902383,70.87480980000001,3.470956398335654,1016.828
Maharashtra,Sangli,2025,0.305,836.0,126.735708,110.498011,154.346778,192.707269,36.383336,3.992806,30.72394,28.988746,28.642781,28.538867,30.796801,30.273891,22.897399,22.351504,21.990872,21.351334,21.192429,16.949965,3.953622,4.326989,3.295655,1.819934,1.292195,0.948793,65.630725,71.267687,73.20204,70.692058,67.420653,52.527127,499.177704,399.881056,407.190734,432.440922,513.790231,539.5924,1.741393,1.006755,0.772559,0.992597,1.112956,1.601525,121.579879,113.916555,79.702781,129.601846,96.516687,135.355101,620.671102,0.4267071370756359,29.538227,21.956707599999998,2.937679,1.741393,6.235188000000001,547.071003,450.4961294000001,2252.4806470000003,69.6426326,3.059578093710519,1033.438
Maharashtra,Satara,2025,0.785,825.0,210.953994,197.887427,202.884098,181.815663,49.312168,6.370343,30.13104,28.473073,28.204134,28.164849,30.70974,29.913398,22.954202,22.434623,22.10569,21.440928,21.227873,16.417522,4.008303,4.323444,3.390332,2.04717,1.680279,1.094414,67.575042,73.111876,74.944224,72.086559,68.145856,52.250129,493.690979,392.205202,405.937353,420.168149,508.781867,537.39915,1.741339,0.97145,1.194906,1.092198,1.416921,2.057622,151.955555,138.0302,105.316905,139.279511,116.119855,160.901628,842.85335,0.4754937795525165,29.1365672,22.0326632,3.0899056000000003,2.057622,7.382238,672.324143,444.15671000000003,2220.78355,71.1727114,3.1986271585667527,1029.548
Maharashtra,Solapur,2025,1.286,935.0,59.420452,87.522752,191.232953,315.808217,37.556797,2.827873,31.95691,30.31782,29.440083,29.064684,31.31692,30.386281,23.153336,22.623675,22.150874,21.450161,21.148932,16.208747,3.865004,4.225284,3.122968,1.562112,1.106119,0.870001,62.121838,67.764906,71.515314,69.798978,66.693966,52.542626,501.145719,392.24419,404.085604,427.34964,510.387349,536.754772,1.577898,1.000527,1.044618,1.035396,1.21983,1.577096,124.023288,105.344025,89.477319,124.621687,106.005618,135.933652,691.541171,0.403093433463848,30.4192834,22.1053956,2.7762974,1.577898,6.419969,560.783902,447.0425004,2235.212502,67.57900040000001,3.5714609595834617,1000.898
Maharashtra,Usmanabad,2025,4.456,850.0,85.91467,142.62283,296.461637,372.180011,58.394456,2.483041,32.165816,30.234762,29.401152,29.258963,31.426419,30.211264,23.208935,22.572258,22.108206,21.503065,21.081338,15.666885,3.733276,4.08931,3.064409,1.472447,1.206425,0.85374,61.3835,68.192227,71.82616,69.671776,66.648761,52.457968,499.062901,383.296945,398.100114,417.578823,504.102009,536.880407,2.274782,1.355839,0.801779,0.961862,1.052037,1.917414,149.357988,109.791783,65.033146,123.618212,101.165111,141.58125,955.5736039999999,0.4594983213872869,30.497422399999998,22.0947604,2.7131734,2.274782,7.401851000000001,566.929278,440.42815840000003,2202.140792,67.54448479999999,3.9382018472035822,1004.044
Maharashtra,Wardha,2025,1.202,804.0,116.426919,387.712562,265.436947,275.66689,63.342164,4.477604,35.245432,30.018952,31.107561,30.728116,31.376895,29.815027,25.121098,23.672601,23.772735,23.051328,21.601131,14.882884,3.146644,3.110194,2.546286,1.036439,0.954332,0.509412,54.430149,74.942108,71.939354,68.868969,68.311664,53.16826,508.023599,372.708744,420.438813,433.813197,491.882888,501.086784,2.312912,0.809034,0.479113,1.624696,2.199608,2.418257,153.725968,98.629511,31.81931,147.882391,86.749372,151.830047,1108.585482,0.5891737891259882,31.6953912,23.443778599999998,2.158779,2.418257,8.218924,522.7542080000001,445.3734482,2226.867241,67.6984488,7.877972542538004,1019.488
Maharashtra,Washim,2025,2.83,1110.0,147.773995,208.921757,313.351737,270.732799,52.659613,3.354541,34.417548,29.938521,30.368382,30.242089,31.589628,30.108003,24.56087,23.232256,23.066442,22.275597,21.277867,14.879393,3.455138,3.584413,2.799913,1.148028,1.095744,0.639368,56.443073,72.728644,72.143336,69.113083,66.18522,51.558881,499.098499,366.928395,410.464652,413.041674,508.490005,519.230639,2.437224,0.741911,0.399576,1.18234,1.450843,2.805102,160.042316,118.731447,34.416439,148.492263,83.256676,155.996772,993.4399010000001,0.5257222842310619,31.311233599999998,22.8826064,2.4166472,2.805102,7.834656,552.4436499999999,439.60464500000006,2198.0232250000004,67.3226712,6.620581123808222,1045.022
Maharashtra,Yavatmal,2025,2.615,1010.0,165.456593,289.682738,326.217902,322.881288,64.279288,3.798569,34.921292,30.238157,30.955326,30.654362,31.729705,30.221427,25.004126,23.679463,23.628753,22.83054,21.80952,15.087359,3.399436,3.452736,2.736432,1.084321,1.003529,0.52202,56.174359,73.737619,71.929514,69.021815,67.272124,52.738797,496.8533,365.267226,410.481568,420.746998,495.261017,511.006373,2.391567,0.974342,0.559038,1.592431,1.976492,2.866769,151.054538,113.614827,42.381667,157.09236,102.287673,158.123149,1168.517809,0.5270785222581061,31.6997684,23.3904804,2.3352908,2.866769,8.768208000000001,567.461854,437.72202179999994,2188.6101089999997,67.62708620000001,6.875422223047227,1054.546
Rajasthan,Banswara,2025,0.66,630.0,257.299345,263.922529,304.775044,252.558534,89.002362,0.05459,34.858673,30.410072,31.152328,31.303964,31.27305,28.81889,25.186827,23.869131,23.787479,22.955964,20.33381,14.450314,3.201553,3.524082,2.68392,1.363774,1.082005,0.512298,56.005211,73.248389,70.441901,64.879166,60.013778,49.750111,536.027389,400.966487,445.581414,471.864577,510.913407,489.976782,3.243847,0.912364,0.678505,0.869704,1.18713,2.401305,173.097274,117.260008,36.660436,87.886079,14.506834,169.290051,1167.557814,0.4870830088076477,31.7996174,23.226642200000004,2.3710668000000004,3.243847,8.423151,510.81460300000003,473.0706548,2365.353274,64.917689,7.1309110906124396,1093.564
Rajasthan,Baran,2025,2.1,643.0,313.234063,736.639833,326.703807,159.127912,124.290656,7.062882,36.573764,30.86955,31.832663,32.353269,30.877085,28.223349,25.780959,24.16766,24.388045,23.64952,19.760778,12.908685,2.870588,2.86852,2.421499,1.085624,0.906144,0.403159,51.450899,74.21899,70.984068,62.642427,60.925501,49.7855,546.618625,409.627574,467.479026,507.625024,493.484279,471.255588,2.97208,0.83405,0.360867,0.851153,0.867611,2.439877,153.499741,104.075531,20.30362,70.247876,12.174045,163.332901,1659.9962709999998,0.6405698967982804,32.501266199999996,23.5493924,2.0304749999999996,2.97208,7.4744850000000005,453.385838,484.96690559999996,2424.834528,64.044377,8.971769618052088,949.614
Rajasthan,Bhilwara,2025,0.07,651.0,208.345853,394.702366,195.477002,191.122768,106.053488,4.431024,36.277898,30.99359,31.959258,32.415883,30.952414,28.325891,25.93655,24.378039,24.479572,23.386914,19.534354,13.050744,3.131407,3.315432,2.631508,1.159344,0.981751,0.526987,52.767719,72.862168,68.88267,61.310563,56.966349,48.384577,541.579012,404.274054,474.831546,482.248723,499.789469,468.691457,2.5792,1.1104,0.636,1.222133,0.7,2.118933,152.806667,93.273867,21.854133,86.2688,13.099733,158.4016,1095.701477,0.5386315345817498,32.519808600000005,23.5430858,2.2438884000000003,2.5792,7.144533,439.43600000000004,480.5445608,2402.722804,62.5578938,8.289294161122266,1001.032
Rajasthan,Bundi,2025,0.35,606.0,251.94352,581.648946,403.786185,148.012482,148.603328,9.786594,36.833585,31.296045,32.22773,32.707892,30.983165,28.306952,26.10404,24.507326,24.779694,23.911175,19.826366,13.242879,2.978614,3.004267,2.524648,1.128484,0.866319,0.446009,51.598453,73.680828,70.322083,61.638078,58.333754,49.380076,551.395608,413.137391,471.899593,496.921549,498.470774,466.044327,2.791075,1.048297,0.330301,0.941978,0.637446,1.965694,136.724021,77.849014,15.899835,71.038844,8.383539,132.988766,1533.994461,0.6423981025052736,32.8096834,23.8257202,2.1004664,2.791075,6.772813,371.845175,486.36498300000005,2431.824915,63.1146392,8.961741359152795,907.234
Rajasthan,Chittaurgarh,2025,0.878,650.0,220.030188,387.316157,205.455099,189.359107,138.792259,1.437837,35.625319,30.553186,31.558453,31.924848,30.853825,28.246412,25.427293,24.056794,24.082266,23.063416,19.597947,13.04215,3.163826,3.425366,2.63222,1.195754,0.988472,0.504369,54.010762,72.905448,69.155178,62.349954,58.193334,48.388785,533.401059,393.055771,461.697316,483.589279,501.400833,477.50766,4.507743,1.988648,0.535553,1.195243,1.086678,1.983068,178.043308,115.11998,33.819849,105.238277,13.246101,165.274285,1140.95281,0.5195405548806177,32.103126200000005,23.245543200000004,2.2811275999999996,4.507743,10.101689999999998,505.50352300000003,474.6288516000001,2373.1442580000003,63.322935199999996,7.742991641376559,1089.308
Rajasthan,Dungarpur,2025,0.3,607.0,235.236547,216.451401,306.167515,193.067149,81.255594,0.494146,35.247458,30.85794,31.699852,31.745243,31.410971,28.883898,25.647084,24.321143,24.276677,23.079351,20.377762,14.534851,3.254697,3.598373,2.758261,1.299802,1.091078,0.47558,55.286567,71.739627,68.494987,63.073888,58.070726,48.713577,555.836207,424.659342,469.536854,487.037289,514.614969,480.892962,3.641994,1.275529,0.785801,0.650755,1.222961,1.95861,151.763142,109.502719,40.803021,79.499698,12.764048,152.611782,1032.178206,0.5063262457607054,32.1922928,23.5404034,2.4004421999999996,3.641994,8.884895,467.44471200000004,490.33693220000004,2451.6846610000002,63.333159,6.888781421303806,1039.972
Rajasthan,Jhalawar,2025,1.85,585.0,211.832983,627.040029,217.787506,191.176491,93.761356,3.792579,35.855811,30.497559,31.476806,31.9526,30.821321,28.352292,25.409179,23.91682,23.922695,23.197357,19.657301,12.973631,3.129577,3.249405,2.578607,1.143339,0.949484,0.481508,52.795601,73.627268,70.423032,62.737244,60.748423,49.398999,536.527292,392.80723,453.77467,490.624962,496.129381,482.727411,3.723031,1.459774,0.518587,0.878241,0.870554,1.913882,171.72465,116.454987,25.772257,80.978035,14.656981,158.906314,1341.598365,0.6297171769436376,32.1208194,23.2206704,2.2100824,3.723031,8.485828,487.515189,473.972707,2369.863535,64.0663136,8.24050217527411,1098.068
Rajasthan,Kota,2025,1.43,625.0,275.864088,663.119198,367.841982,162.102648,142.834982,6.147845,36.655347,31.083831,32.028177,32.562362,30.901774,28.268659,26.005131,24.416788,24.552893,23.780006,19.775936,13.153733,2.983749,2.948121,2.476633,1.132932,0.886341,0.410685,51.825452,74.226631,70.840042,61.775807,59.698889,49.520259,551.033292,416.569833,463.531696,502.816536,495.680505,468.73455,2.906032,0.901865,0.377629,0.861141,0.846383,2.15553,148.146896,88.480232,17.576651,70.897076,9.219644,154.505936,1611.762898,0.639648164925062,32.6462982,23.7061508,2.0855552,2.906032,7.187439,417.929359,485.92637240000005,2429.631862,63.6733642,8.97918301938699,944.532
Rajasthan,Pratapgarh,2025,1.0,708.0,195.278487,302.010701,268.180754,240.719524,116.661874,0.537155,35.213038,30.200151,31.155887,31.43216,30.942086,28.413343,25.195542,23.713554,23.664507,22.771841,19.795597,13.486197,3.251225,3.646654,2.690858,1.287313,1.022646,0.487929,54.502612,72.326589,69.658288,63.620349,59.672842,48.376878,535.826617,391.107092,448.15177,474.211794,506.834781,487.075058,3.599543,1.429895,0.598457,0.884231,1.12157,2.480592,185.429504,132.614799,36.266537,93.507208,15.108675,170.115339,1122.85134,0.5078067190978282,31.7886644,23.028208199999998,2.3797392,3.599543,9.230057,539.534854,471.22641080000005,2356.132054,63.956135999999994,7.252714961907264,1123.262
Rajasthan,Sawai Madhopur,2025,0.03,610.0,220.279307,633.39181,317.279517,152.388505,93.073767,5.53166,37.290246,32.162036,32.669054,33.172694,31.029891,27.939992,26.248588,24.926591,25.244222,24.249226,19.755452,12.803388,2.880808,2.901021,2.479183,1.125053,0.859291,0.433397,50.700074,72.398325,70.339273,61.57379,59.354598,50.245135,553.586689,429.621303,475.196401,497.937354,490.08722,456.827711,1.231194,0.52462,0.232341,1.206388,0.446698,0.887132,103.778543,46.238698,12.925147,84.190078,7.721674,90.870915,1416.4129060000002,0.6711823388313576,33.264784199999994,24.084815799999994,2.0490712,1.231194,3.321985,261.53497699999997,489.2857934,2446.428967,62.873212,8.785275682934117,890.198
Rajasthan,Udaipur,2025,0.38,605.0,201.195129,247.602277,258.795904,197.954827,113.311612,3.131618,34.93979,30.347327,31.38161,31.660423,30.923535,28.453128,25.259664,23.950566,23.986544,23.055339,19.780162,13.601231,3.374496,3.720562,2.81057,1.278709,1.063006,0.455876,55.739078,71.95423,68.556205,63.710526,58.70193,47.254197,529.613648,387.922998,469.304066,489.398883,509.583423,480.795365,4.099557,2.130316,0.897785,0.91519,1.407785,3.150612,185.214895,154.121245,58.942658,102.705464,20.497722,175.509852,1018.859749,0.4970244250958235,31.850536999999996,23.206455,2.4494686,4.099557,11.686055000000001,594.2863719999999,477.1646036,2385.823018,63.7323938,6.709450177085915,1064.432
